part_id,vendor,erp_price,fair_price,should_cost,top_price_increase_feature,price_gap_pct,savings_opportunity,erp_price_explanation,negotiation_recommendation,batna,xai_summary
SM-1001,SteelWorks,619.72,639.8112722401296,706.8064877081999,material,-3.140187288321024,0.0,ERP price is not above the ML fair price; material remains the largest cost driver.,"Maintain SteelWorks pricing, request cost transparency on material, and protect the current rate.",BATNA: re-quote the cluster or alternate qualified supplier at about INR 672 per part before accepting any price above INR 640.,Fair price INR 640 vs ERP INR 620 for SteelWorks. Main driver: material. Savings opportunity: INR 0.
SM-1002,PlatePro,2622.39,2408.120557268729,3071.6548959000665,material,8.897787201081558,1640232.5841078782,"ERP price is high mainly because material contributes INR 1,935 and the purchase price is 8.9% above the ML fair price.","Ask PlatePro to bridge the gap from INR 2,622 toward INR 2,408 using the material cost evidence; target at least INR 129 per part in the first round.","BATNA: re-quote the cluster or alternate qualified supplier at about INR 2,529 per part before accepting any price above INR 2,408.","Fair price INR 2,408 vs ERP INR 2,622 for PlatePro. Main driver: material. Savings opportunity: INR 1,640,233."
SM-1003,SteelWorks,513.42,499.12410550374267,600.1991203597199,bends and holes,2.864196366919428,145903.8992288019,ERP price is high mainly because bends and holes contributes INR 178 and the purchase price is 2.9% above the ML fair price.,Ask SteelWorks to bridge the gap from INR 513 toward INR 499 using the bends and holes cost evidence; target at least INR 9 per part in the first round.,BATNA: re-quote the cluster or alternate qualified supplier at about INR 524 per part before accepting any price above INR 499.,"Fair price INR 499 vs ERP INR 513 for SteelWorks. Main driver: bends and holes. Savings opportunity: INR 145,904."
SM-1004,AsiaForm,959.33,946.3216966282974,1020.3205473414797,material,1.3746174707872183,126284.6091324888,ERP price is high mainly because material contributes INR 553 and the purchase price is 1.4% above the ML fair price.,Ask AsiaForm to bridge the gap from INR 959 toward INR 946 using the material cost evidence; target at least INR 8 per part in the first round.,BATNA: re-quote the cluster or alternate qualified supplier at about INR 994 per part before accepting any price above INR 946.,"Fair price INR 946 vs ERP INR 959 for AsiaForm. Main driver: material. Savings opportunity: INR 126,285."
SM-1005,BendCraft,866.12,924.6623905175474,1086.5198645403868,material,-6.33121787129033,0.0,ERP price is not above the ML fair price; material remains the largest cost driver.,"Maintain BendCraft pricing, request cost transparency on material, and protect the current rate.",BATNA: re-quote the cluster or alternate qualified supplier at about INR 971 per part before accepting any price above INR 925.,Fair price INR 925 vs ERP INR 866 for BendCraft. Main driver: material. Savings opportunity: INR 0.
SM-1006,DragonSheet,418.07,428.9997098117727,486.46406057328,material,-2.547719628194664,0.0,ERP price is not above the ML fair price; material remains the largest cost driver.,"Maintain DragonSheet pricing, request cost transparency on material, and protect the current rate.",BATNA: re-quote the cluster or alternate qualified supplier at about INR 450 per part before accepting any price above INR 429.,Fair price INR 429 vs ERP INR 418 for DragonSheet. Main driver: material. Savings opportunity: INR 0.
SM-1007,DragonSheet,904.48,906.2189580380242,1059.6912946251998,material,-0.191891597786593,0.0,ERP price is not above the ML fair price; material remains the largest cost driver.,"Maintain DragonSheet pricing, request cost transparency on material, and protect the current rate.",BATNA: re-quote the cluster or alternate qualified supplier at about INR 952 per part before accepting any price above INR 906.,Fair price INR 906 vs ERP INR 904 for DragonSheet. Main driver: material. Savings opportunity: INR 0.
SM-1008,DragonSheet,519.35,626.5305403452554,691.8914666220479,material,-17.106993744661285,0.0,ERP price is not above the ML fair price; material remains the largest cost driver.,"Maintain DragonSheet pricing, request cost transparency on material, and protect the current rate.",BATNA: re-quote the cluster or alternate qualified supplier at about INR 658 per part before accepting any price above INR 627.,Fair price INR 627 vs ERP INR 519 for DragonSheet. Main driver: material. Savings opportunity: INR 0.
SM-1009,FabriMax,683.16,743.426226957246,720.36439403016,bends and holes,-8.10655109706156,0.0,ERP price is not above the ML fair price; bends and holes remains the largest cost driver.,"Maintain FabriMax pricing, request cost transparency on bends and holes, and protect the current rate.",BATNA: re-quote the cluster or alternate qualified supplier at about INR 778 per part before accepting any price above INR 743.,Fair price INR 743 vs ERP INR 683 for FabriMax. Main driver: bends and holes. Savings opportunity: INR 0.
SM-1010,PrecisionPanel,2023.62,2768.8500157264793,3546.081860175792,labour,-26.914784531257794,0.0,ERP price is not above the ML fair price; labour remains the largest cost driver.,"Maintain PrecisionPanel pricing, request cost transparency on labour, and protect the current rate.","BATNA: re-quote the cluster or alternate qualified supplier at about INR 2,907 per part before accepting any price above INR 2,769.","Fair price INR 2,769 vs ERP INR 2,024 for PrecisionPanel. Main driver: labour. Savings opportunity: INR 0."
SM-1011,SteelWorks,501.08,505.3783698033524,617.3049098153898,material,-0.8505250838149206,0.0,ERP price is not above the ML fair price; material remains the largest cost driver.,"Maintain SteelWorks pricing, request cost transparency on material, and protect the current rate.",BATNA: re-quote the cluster or alternate qualified supplier at about INR 531 per part before accepting any price above INR 505.,Fair price INR 505 vs ERP INR 501 for SteelWorks. Main driver: material. Savings opportunity: INR 0.
SM-1012,PrecisionPanel,1637.57,2236.3303432197995,2636.8141962698946,labour,-26.774235078245322,0.0,ERP price is not above the ML fair price; labour remains the largest cost driver.,"Maintain PrecisionPanel pricing, request cost transparency on labour, and protect the current rate.","BATNA: re-quote the cluster or alternate qualified supplier at about INR 2,348 per part before accepting any price above INR 2,236.","Fair price INR 2,236 vs ERP INR 1,638 for PrecisionPanel. Main driver: labour. Savings opportunity: INR 0."
SM-1013,SteelWorks,576.19,555.7350535369313,679.2045388991793,bends and holes,3.680701142187244,57437.48966829697,ERP price is high mainly because bends and holes contributes INR 250 and the purchase price is 3.7% above the ML fair price.,Ask SteelWorks to bridge the gap from INR 576 toward INR 556 using the bends and holes cost evidence; target at least INR 12 per part in the first round.,BATNA: re-quote the cluster or alternate qualified supplier at about INR 584 per part before accepting any price above INR 556.,"Fair price INR 556 vs ERP INR 576 for SteelWorks. Main driver: bends and holes. Savings opportunity: INR 57,437."
SM-1014,AsiaForm,759.78,789.8386986013626,808.7116275756,bends and holes,-3.8056755961173097,0.0,ERP price is not above the ML fair price; bends and holes remains the largest cost driver.,"Maintain AsiaForm pricing, request cost transparency on bends and holes, and protect the current rate.",BATNA: re-quote the cluster or alternate qualified supplier at about INR 829 per part before accepting any price above INR 790.,Fair price INR 790 vs ERP INR 760 for AsiaForm. Main driver: bends and holes. Savings opportunity: INR 0.
SM-1015,AsiaForm,433.64,481.47899386397233,554.47407546259,bends and holes,-9.935842367712484,0.0,ERP price is not above the ML fair price; bends and holes remains the largest cost driver.,"Maintain AsiaForm pricing, request cost transparency on bends and holes, and protect the current rate.",BATNA: re-quote the cluster or alternate qualified supplier at about INR 506 per part before accepting any price above INR 481.,Fair price INR 481 vs ERP INR 434 for AsiaForm. Main driver: bends and holes. Savings opportunity: INR 0.
SM-1016,AsiaForm,696.66,736.9530821444422,844.2573008123519,material,-5.467523390660684,0.0,ERP price is not above the ML fair price; material remains the largest cost driver.,"Maintain AsiaForm pricing, request cost transparency on material, and protect the current rate.",BATNA: re-quote the cluster or alternate qualified supplier at about INR 774 per part before accepting any price above INR 737.,Fair price INR 737 vs ERP INR 697 for AsiaForm. Main driver: material. Savings opportunity: INR 0.
SM-1017,BendCraft,264.57,257.05805149514293,314.8027866828,labour,2.9222770736667614,97790.5456362292,ERP price is high mainly because labour contributes INR 94 and the purchase price is 2.9% above the ML fair price.,Ask BendCraft to bridge the gap from INR 265 toward INR 257 using the labour cost evidence; target at least INR 5 per part in the first round.,BATNA: re-quote the cluster or alternate qualified supplier at about INR 270 per part before accepting any price above INR 257.,"Fair price INR 257 vs ERP INR 265 for BendCraft. Main driver: labour. Savings opportunity: INR 97,791."
SM-1018,DragonSheet,1870.4,1651.6134178146713,1597.1257072656,material,13.246839715967907,2379522.8678476363,ERP price is high mainly because material contributes INR 512 and the purchase price is 13.2% above the ML fair price.,"Ask DragonSheet to bridge the gap from INR 1,870 toward INR 1,652 using the material cost evidence; target at least INR 131 per part in the first round.","BATNA: re-quote the cluster or alternate qualified supplier at about INR 1,725 per part before accepting any price above INR 1,652.","Fair price INR 1,652 vs ERP INR 1,870 for DragonSheet. Main driver: material. Savings opportunity: INR 2,379,523."
SM-1019,SteelWorks,1452.99,1563.9631739701133,1596.7198393164,material,-7.095638555760134,0.0,ERP price is not above the ML fair price; material remains the largest cost driver.,"Maintain SteelWorks pricing, request cost transparency on material, and protect the current rate.","BATNA: re-quote the cluster or alternate qualified supplier at about INR 1,642 per part before accepting any price above INR 1,564.","Fair price INR 1,564 vs ERP INR 1,453 for SteelWorks. Main driver: material. Savings opportunity: INR 0."
SM-1020,SteelWorks,583.7,576.2658296486971,672.4996962959667,bends and holes,1.2900591999069095,100874.257496829,ERP price is high mainly because bends and holes contributes INR 210 and the purchase price is 1.3% above the ML fair price.,Ask SteelWorks to bridge the gap from INR 584 toward INR 576 using the bends and holes cost evidence; target at least INR 4 per part in the first round.,BATNA: re-quote the cluster or alternate qualified supplier at about INR 605 per part before accepting any price above INR 576.,"Fair price INR 576 vs ERP INR 584 for SteelWorks. Main driver: bends and holes. Savings opportunity: INR 100,874."
SM-1021,BendCraft,875.93,942.0918016754372,1003.11307264872,material,-7.022861419425751,0.0,ERP price is not above the ML fair price; material remains the largest cost driver.,"Maintain BendCraft pricing, request cost transparency on material, and protect the current rate.",BATNA: re-quote the cluster or alternate qualified supplier at about INR 989 per part before accepting any price above INR 942.,Fair price INR 942 vs ERP INR 876 for BendCraft. Main driver: material. Savings opportunity: INR 0.
SM-1022,PlatePro,391.92,365.81720189062554,438.582723405696,labour,7.135475853642023,271730.1283185883,ERP price is high mainly because labour contributes INR 133 and the purchase price is 7.1% above the ML fair price.,Ask PlatePro to bridge the gap from INR 392 toward INR 366 using the labour cost evidence; target at least INR 16 per part in the first round.,BATNA: re-quote the cluster or alternate qualified supplier at about INR 384 per part before accepting any price above INR 366.,"Fair price INR 366 vs ERP INR 392 for PlatePro. Main driver: labour. Savings opportunity: INR 271,730."
SM-1023,PlatePro,277.6,269.54740503266413,333.873218826,labour,2.9874503768122227,133737.4972175145,ERP price is high mainly because labour contributes INR 105 and the purchase price is 3.0% above the ML fair price.,Ask PlatePro to bridge the gap from INR 278 toward INR 270 using the labour cost evidence; target at least INR 5 per part in the first round.,BATNA: re-quote the cluster or alternate qualified supplier at about INR 283 per part before accepting any price above INR 270.,"Fair price INR 270 vs ERP INR 278 for PlatePro. Main driver: labour. Savings opportunity: INR 133,737."
SM-1024,AsiaForm,214.88,191.940093285207,237.00067403218557,material,11.951597147921664,335243.79672998464,ERP price is high mainly because material contributes INR 104 and the purchase price is 12.0% above the ML fair price.,Ask AsiaForm to bridge the gap from INR 215 toward INR 192 using the material cost evidence; target at least INR 14 per part in the first round.,BATNA: re-quote the cluster or alternate qualified supplier at about INR 202 per part before accepting any price above INR 192.,"Fair price INR 192 vs ERP INR 215 for AsiaForm. Main driver: material. Savings opportunity: INR 335,244."
SM-1025,SteelWorks,426.3,503.0265472559319,534.0060492917332,bends and holes,-15.252981711300151,0.0,ERP price is not above the ML fair price; bends and holes remains the largest cost driver.,"Maintain SteelWorks pricing, request cost transparency on bends and holes, and protect the current rate.",BATNA: re-quote the cluster or alternate qualified supplier at about INR 528 per part before accepting any price above INR 503.,Fair price INR 503 vs ERP INR 426 for SteelWorks. Main driver: bends and holes. Savings opportunity: INR 0.
SM-1026,BendCraft,611.46,578.231488751474,628.486646350968,material,5.746575877469686,381629.45168932166,ERP price is high mainly because material contributes INR 224 and the purchase price is 5.7% above the ML fair price.,Ask BendCraft to bridge the gap from INR 611 toward INR 578 using the material cost evidence; target at least INR 20 per part in the first round.,BATNA: re-quote the cluster or alternate qualified supplier at about INR 607 per part before accepting any price above INR 578.,"Fair price INR 578 vs ERP INR 611 for BendCraft. Main driver: material. Savings opportunity: INR 381,629."
SM-1027,AsiaForm,1651.22,1468.7859306398211,1406.3863131069681,material,12.420739166578782,1441958.8842228542,ERP price is high mainly because material contributes INR 876 and the purchase price is 12.4% above the ML fair price.,"Ask AsiaForm to bridge the gap from INR 1,651 toward INR 1,469 using the material cost evidence; target at least INR 109 per part in the first round.","BATNA: re-quote the cluster or alternate qualified supplier at about INR 1,519 per part before accepting any price above INR 1,469.","Fair price INR 1,469 vs ERP INR 1,651 for AsiaForm. Main driver: material. Savings opportunity: INR 1,441,959."
SM-1028,BendCraft,621.19,589.6303878488981,651.93247898856,material,5.352439901586217,47465.656675257385,ERP price is high mainly because material contributes INR 182 and the purchase price is 5.4% above the ML fair price.,Ask BendCraft to bridge the gap from INR 621 toward INR 590 using the material cost evidence; target at least INR 19 per part in the first round.,BATNA: re-quote the cluster or alternate qualified supplier at about INR 619 per part before accepting any price above INR 590.,"Fair price INR 590 vs ERP INR 621 for BendCraft. Main driver: material. Savings opportunity: INR 47,466."
SM-1029,FabriMax,796.07,796.724139551828,855.0056025468,bends and holes,-0.08210364407885322,0.0,ERP price is not above the ML fair price; bends and holes remains the largest cost driver.,"Maintain FabriMax pricing, request cost transparency on bends and holes, and protect the current rate.",BATNA: re-quote the cluster or alternate qualified supplier at about INR 837 per part before accepting any price above INR 797.,Fair price INR 797 vs ERP INR 796 for FabriMax. Main driver: bends and holes. Savings opportunity: INR 0.
SM-1030,PlatePro,712.53,736.4445465781524,841.5415539639532,bends and holes,-3.247297666778854,0.0,ERP price is not above the ML fair price; bends and holes remains the largest cost driver.,"Maintain PlatePro pricing, request cost transparency on bends and holes, and protect the current rate.",BATNA: re-quote the cluster or alternate qualified supplier at about INR 773 per part before accepting any price above INR 736.,Fair price INR 736 vs ERP INR 713 for PlatePro. Main driver: bends and holes. Savings opportunity: INR 0.
SM-1031,BendCraft,854.19,820.2519381990634,890.219828322,material,4.137516806781431,355026.06449959864,ERP price is high mainly because material contributes INR 312 and the purchase price is 4.1% above the ML fair price.,Ask BendCraft to bridge the gap from INR 854 toward INR 820 using the material cost evidence; target at least INR 20 per part in the first round.,BATNA: re-quote the cluster or alternate qualified supplier at about INR 861 per part before accepting any price above INR 820.,"Fair price INR 820 vs ERP INR 854 for BendCraft. Main driver: material. Savings opportunity: INR 355,026."
SM-1032,PrecisionPanel,1467.44,2359.217583494866,3003.6560349745923,labour,-37.79971757305304,0.0,ERP price is not above the ML fair price; labour remains the largest cost driver.,"Maintain PrecisionPanel pricing, request cost transparency on labour, and protect the current rate.","BATNA: re-quote the cluster or alternate qualified supplier at about INR 2,477 per part before accepting any price above INR 2,359.","Fair price INR 2,359 vs ERP INR 1,467 for PrecisionPanel. Main driver: labour. Savings opportunity: INR 0."
SM-1033,PrecisionPanel,2179.61,2837.9392082776085,3528.571604648832,labour,-23.197438703317367,0.0,ERP price is not above the ML fair price; labour remains the largest cost driver.,"Maintain PrecisionPanel pricing, request cost transparency on labour, and protect the current rate.","BATNA: re-quote the cluster or alternate qualified supplier at about INR 2,980 per part before accepting any price above INR 2,838.","Fair price INR 2,838 vs ERP INR 2,180 for PrecisionPanel. Main driver: labour. Savings opportunity: INR 0."
SM-1034,DragonSheet,1185.73,1301.1988051474002,1540.8907576011036,material,-8.87403252221092,0.0,ERP price is not above the ML fair price; material remains the largest cost driver.,"Maintain DragonSheet pricing, request cost transparency on material, and protect the current rate.","BATNA: re-quote the cluster or alternate qualified supplier at about INR 1,366 per part before accepting any price above INR 1,301.","Fair price INR 1,301 vs ERP INR 1,186 for DragonSheet. Main driver: material. Savings opportunity: INR 0."
SM-1035,AsiaForm,1282.39,1343.7181265155384,1350.0430110151196,material,-4.5640618598017495,0.0,ERP price is not above the ML fair price; material remains the largest cost driver.,"Maintain AsiaForm pricing, request cost transparency on material, and protect the current rate.","BATNA: re-quote the cluster or alternate qualified supplier at about INR 1,411 per part before accepting any price above INR 1,344.","Fair price INR 1,344 vs ERP INR 1,282 for AsiaForm. Main driver: material. Savings opportunity: INR 0."
SM-1036,PrecisionPanel,5692.54,5152.605230402912,7140.578743958912,labour,10.47886933800414,8897585.068190416,"ERP price is high mainly because labour contributes INR 2,147 and the purchase price is 10.5% above the ML fair price.","Ask PrecisionPanel to bridge the gap from INR 5,693 toward INR 5,153 using the labour cost evidence; target at least INR 324 per part in the first round.","BATNA: re-quote the cluster or alternate qualified supplier at about INR 5,410 per part before accepting any price above INR 5,153.","Fair price INR 5,153 vs ERP INR 5,693 for PrecisionPanel. Main driver: labour. Savings opportunity: INR 8,897,585."
SM-1037,FabriMax,453.21,443.646300325795,487.7694522576,bends and holes,2.155703691698054,135747.15317566574,ERP price is high mainly because bends and holes contributes INR 139 and the purchase price is 2.2% above the ML fair price.,Ask FabriMax to bridge the gap from INR 453 toward INR 444 using the bends and holes cost evidence; target at least INR 6 per part in the first round.,BATNA: re-quote the cluster or alternate qualified supplier at about INR 466 per part before accepting any price above INR 444.,"Fair price INR 444 vs ERP INR 453 for FabriMax. Main driver: bends and holes. Savings opportunity: INR 135,747."
SM-1038,FabriMax,1166.17,1237.5746622166473,1312.9497251546804,material,-5.769725609019238,0.0,ERP price is not above the ML fair price; material remains the largest cost driver.,"Maintain FabriMax pricing, request cost transparency on material, and protect the current rate.","BATNA: re-quote the cluster or alternate qualified supplier at about INR 1,299 per part before accepting any price above INR 1,238.","Fair price INR 1,238 vs ERP INR 1,166 for FabriMax. Main driver: material. Savings opportunity: INR 0."
SM-1039,AsiaForm,1104.9,1116.821648885297,1211.1056645652,material,-1.067462194809346,0.0,ERP price is not above the ML fair price; material remains the largest cost driver.,"Maintain AsiaForm pricing, request cost transparency on material, and protect the current rate.","BATNA: re-quote the cluster or alternate qualified supplier at about INR 1,173 per part before accepting any price above INR 1,117.","Fair price INR 1,117 vs ERP INR 1,105 for AsiaForm. Main driver: material. Savings opportunity: INR 0."
SM-1040,PrecisionPanel,1351.99,2127.3033030105653,2615.1337500120003,labour,-36.44582800738098,0.0,ERP price is not above the ML fair price; labour remains the largest cost driver.,"Maintain PrecisionPanel pricing, request cost transparency on labour, and protect the current rate.","BATNA: re-quote the cluster or alternate qualified supplier at about INR 2,234 per part before accepting any price above INR 2,127.","Fair price INR 2,127 vs ERP INR 1,352 for PrecisionPanel. Main driver: labour. Savings opportunity: INR 0."
SM-1041,PlatePro,753.18,775.6039388270823,926.9983693756079,material,-2.8911584514376303,0.0,ERP price is not above the ML fair price; material remains the largest cost driver.,"Maintain PlatePro pricing, request cost transparency on material, and protect the current rate.",BATNA: re-quote the cluster or alternate qualified supplier at about INR 814 per part before accepting any price above INR 776.,Fair price INR 776 vs ERP INR 753 for PlatePro. Main driver: material. Savings opportunity: INR 0.
SM-1042,BendCraft,359.3,329.13146266585767,404.76363159167994,labour,9.166105570639468,233564.81604093002,ERP price is high mainly because labour contributes INR 105 and the purchase price is 9.2% above the ML fair price.,Ask BendCraft to bridge the gap from INR 359 toward INR 329 using the labour cost evidence; target at least INR 18 per part in the first round.,BATNA: re-quote the cluster or alternate qualified supplier at about INR 346 per part before accepting any price above INR 329.,"Fair price INR 329 vs ERP INR 359 for BendCraft. Main driver: labour. Savings opportunity: INR 233,565."
SM-1043,BendCraft,1304.57,1337.686384284977,1514.6433943787636,material,-2.4756463603147587,0.0,ERP price is not above the ML fair price; material remains the largest cost driver.,"Maintain BendCraft pricing, request cost transparency on material, and protect the current rate.","BATNA: re-quote the cluster or alternate qualified supplier at about INR 1,405 per part before accepting any price above INR 1,338.","Fair price INR 1,338 vs ERP INR 1,305 for BendCraft. Main driver: material. Savings opportunity: INR 0."
SM-1044,BendCraft,988.25,1024.7220466007302,1134.2599771462299,material,-3.559213615215705,0.0,ERP price is not above the ML fair price; material remains the largest cost driver.,"Maintain BendCraft pricing, request cost transparency on material, and protect the current rate.","BATNA: re-quote the cluster or alternate qualified supplier at about INR 1,076 per part before accepting any price above INR 1,025.","Fair price INR 1,025 vs ERP INR 988 for BendCraft. Main driver: material. Savings opportunity: INR 0."
SM-1045,PrecisionPanel,3261.4,3245.34956288522,4327.314130245601,labour,0.4945672816986337,238669.99989677747,"ERP price is high mainly because labour contributes INR 1,463 and the purchase price is 0.5% above the ML fair price.","Ask PrecisionPanel to bridge the gap from INR 3,261 toward INR 3,245 using the labour cost evidence; target at least INR 10 per part in the first round.","BATNA: re-quote the cluster or alternate qualified supplier at about INR 3,408 per part before accepting any price above INR 3,245.","Fair price INR 3,245 vs ERP INR 3,261 for PrecisionPanel. Main driver: labour. Savings opportunity: INR 238,670."
SM-1046,BendCraft,1415.03,1483.530507084679,1548.4912615886396,material,-4.617397940760308,0.0,ERP price is not above the ML fair price; material remains the largest cost driver.,"Maintain BendCraft pricing, request cost transparency on material, and protect the current rate.","BATNA: re-quote the cluster or alternate qualified supplier at about INR 1,558 per part before accepting any price above INR 1,484.","Fair price INR 1,484 vs ERP INR 1,415 for BendCraft. Main driver: material. Savings opportunity: INR 0."
SM-1047,DragonSheet,1342.68,1375.1868173524556,1649.5463418968445,material,-2.3638110067865887,0.0,ERP price is not above the ML fair price; material remains the largest cost driver.,"Maintain DragonSheet pricing, request cost transparency on material, and protect the current rate.","BATNA: re-quote the cluster or alternate qualified supplier at about INR 1,444 per part before accepting any price above INR 1,375.","Fair price INR 1,375 vs ERP INR 1,343 for DragonSheet. Main driver: material. Savings opportunity: INR 0."
SM-1048,FabriMax,1261.57,1337.819592403991,1341.8108773286401,material,-5.699542213085293,0.0,ERP price is not above the ML fair price; material remains the largest cost driver.,"Maintain FabriMax pricing, request cost transparency on material, and protect the current rate.","BATNA: re-quote the cluster or alternate qualified supplier at about INR 1,405 per part before accepting any price above INR 1,338.","Fair price INR 1,338 vs ERP INR 1,262 for FabriMax. Main driver: material. Savings opportunity: INR 0."
SM-1049,AsiaForm,319.9,281.4361921761479,369.6038789128265,labour,13.666972796369404,466489.0612876777,ERP price is high mainly because labour contributes INR 99 and the purchase price is 13.7% above the ML fair price.,Ask AsiaForm to bridge the gap from INR 320 toward INR 281 using the labour cost evidence; target at least INR 23 per part in the first round.,BATNA: re-quote the cluster or alternate qualified supplier at about INR 296 per part before accepting any price above INR 281.,"Fair price INR 281 vs ERP INR 320 for AsiaForm. Main driver: labour. Savings opportunity: INR 466,489."
SM-1050,FabriMax,491.23,483.7259384146426,527.7061695197119,material,1.5513043625386593,123561.87806449526,ERP price is high mainly because material contributes INR 162 and the purchase price is 1.6% above the ML fair price.,Ask FabriMax to bridge the gap from INR 491 toward INR 484 using the material cost evidence; target at least INR 5 per part in the first round.,BATNA: re-quote the cluster or alternate qualified supplier at about INR 508 per part before accepting any price above INR 484.,"Fair price INR 484 vs ERP INR 491 for FabriMax. Main driver: material. Savings opportunity: INR 123,562."
SM-1051,BendCraft,1897.28,1983.7064286657542,2125.3358563332486,material,-4.356815475155003,0.0,ERP price is not above the ML fair price; material remains the largest cost driver.,"Maintain BendCraft pricing, request cost transparency on material, and protect the current rate.","BATNA: re-quote the cluster or alternate qualified supplier at about INR 2,083 per part before accepting any price above INR 1,984.","Fair price INR 1,984 vs ERP INR 1,897 for BendCraft. Main driver: material. Savings opportunity: INR 0."
SM-1052,SteelWorks,578.19,578.7863258600837,662.9261443596,labour,-0.10303039886049568,0.0,ERP price is not above the ML fair price; labour remains the largest cost driver.,"Maintain SteelWorks pricing, request cost transparency on labour, and protect the current rate.",BATNA: re-quote the cluster or alternate qualified supplier at about INR 608 per part before accepting any price above INR 579.,Fair price INR 579 vs ERP INR 578 for SteelWorks. Main driver: labour. Savings opportunity: INR 0.
SM-1053,SteelWorks,1079.77,1056.1832831760273,1190.1856932633655,material,2.2332030055470606,105692.07808822152,ERP price is high mainly because material contributes INR 345 and the purchase price is 2.2% above the ML fair price.,"Ask SteelWorks to bridge the gap from INR 1,080 toward INR 1,056 using the material cost evidence; target at least INR 14 per part in the first round.","BATNA: re-quote the cluster or alternate qualified supplier at about INR 1,109 per part before accepting any price above INR 1,056.","Fair price INR 1,056 vs ERP INR 1,080 for SteelWorks. Main driver: material. Savings opportunity: INR 105,692."
SM-1054,AsiaForm,1591.39,1435.6766722053374,1498.0482972100804,material,10.845988571749384,599652.0253372462,ERP price is high mainly because material contributes INR 785 and the purchase price is 10.8% above the ML fair price.,"Ask AsiaForm to bridge the gap from INR 1,591 toward INR 1,436 using the material cost evidence; target at least INR 93 per part in the first round.","BATNA: re-quote the cluster or alternate qualified supplier at about INR 1,507 per part before accepting any price above INR 1,436.","Fair price INR 1,436 vs ERP INR 1,591 for AsiaForm. Main driver: material. Savings opportunity: INR 599,652."
SM-1055,BendCraft,357.83,331.79564548773635,395.418809422152,labour,7.846502769496383,43451.337680968005,ERP price is high mainly because labour contributes INR 117 and the purchase price is 7.8% above the ML fair price.,Ask BendCraft to bridge the gap from INR 358 toward INR 332 using the labour cost evidence; target at least INR 16 per part in the first round.,BATNA: re-quote the cluster or alternate qualified supplier at about INR 348 per part before accepting any price above INR 332.,"Fair price INR 332 vs ERP INR 358 for BendCraft. Main driver: labour. Savings opportunity: INR 43,451."
SM-1056,FabriMax,943.85,962.3699168022554,987.7610413223999,material,-1.9244072865237705,0.0,ERP price is not above the ML fair price; material remains the largest cost driver.,"Maintain FabriMax pricing, request cost transparency on material, and protect the current rate.","BATNA: re-quote the cluster or alternate qualified supplier at about INR 1,010 per part before accepting any price above INR 962.",Fair price INR 962 vs ERP INR 944 for FabriMax. Main driver: material. Savings opportunity: INR 0.
SM-1057,PlatePro,1237.87,1289.364143396041,1369.141340688,material,-3.9937626356206373,0.0,ERP price is not above the ML fair price; material remains the largest cost driver.,"Maintain PlatePro pricing, request cost transparency on material, and protect the current rate.","BATNA: re-quote the cluster or alternate qualified supplier at about INR 1,354 per part before accepting any price above INR 1,289.","Fair price INR 1,289 vs ERP INR 1,238 for PlatePro. Main driver: material. Savings opportunity: INR 0."
SM-1058,SteelWorks,1635.1,1492.1869792084044,1833.5834795882265,material,9.577420442806032,274107.17387828015,"ERP price is high mainly because material contributes INR 1,253 and the purchase price is 9.6% above the ML fair price.","Ask SteelWorks to bridge the gap from INR 1,635 toward INR 1,492 using the material cost evidence; target at least INR 86 per part in the first round.","BATNA: re-quote the cluster or alternate qualified supplier at about INR 1,567 per part before accepting any price above INR 1,492.","Fair price INR 1,492 vs ERP INR 1,635 for SteelWorks. Main driver: material. Savings opportunity: INR 274,107."
SM-1059,DragonSheet,1591.43,1747.730554177986,1859.3449567516802,material,-8.94305783030149,0.0,ERP price is not above the ML fair price; material remains the largest cost driver.,"Maintain DragonSheet pricing, request cost transparency on material, and protect the current rate.","BATNA: re-quote the cluster or alternate qualified supplier at about INR 1,835 per part before accepting any price above INR 1,748.","Fair price INR 1,748 vs ERP INR 1,591 for DragonSheet. Main driver: material. Savings opportunity: INR 0."
SM-1060,BendCraft,531.62,551.4344877776841,634.969721780856,bends and holes,-3.593262339745517,0.0,ERP price is not above the ML fair price; bends and holes remains the largest cost driver.,"Maintain BendCraft pricing, request cost transparency on bends and holes, and protect the current rate.",BATNA: re-quote the cluster or alternate qualified supplier at about INR 579 per part before accepting any price above INR 551.,Fair price INR 551 vs ERP INR 532 for BendCraft. Main driver: bends and holes. Savings opportunity: INR 0.
SM-1061,AsiaForm,552.57,548.9052259502439,622.346209956,bends and holes,0.6676515136855965,8395.997347991333,ERP price is high mainly because bends and holes contributes INR 211 and the purchase price is 0.7% above the ML fair price.,Ask AsiaForm to bridge the gap from INR 553 toward INR 549 using the bends and holes cost evidence; target at least INR 2 per part in the first round.,BATNA: re-quote the cluster or alternate qualified supplier at about INR 576 per part before accepting any price above INR 549.,"Fair price INR 549 vs ERP INR 553 for AsiaForm. Main driver: bends and holes. Savings opportunity: INR 8,396."
SM-1062,FabriMax,562.92,610.8386292011429,658.0730266200001,material,-7.84472803624275,0.0,ERP price is not above the ML fair price; material remains the largest cost driver.,"Maintain FabriMax pricing, request cost transparency on material, and protect the current rate.",BATNA: re-quote the cluster or alternate qualified supplier at about INR 641 per part before accepting any price above INR 611.,Fair price INR 611 vs ERP INR 563 for FabriMax. Main driver: material. Savings opportunity: INR 0.
SM-1063,DragonSheet,489.29,517.0445976507224,509.46075708211197,labour,-5.367931079220238,0.0,ERP price is not above the ML fair price; labour remains the largest cost driver.,"Maintain DragonSheet pricing, request cost transparency on labour, and protect the current rate.",BATNA: re-quote the cluster or alternate qualified supplier at about INR 543 per part before accepting any price above INR 517.,Fair price INR 517 vs ERP INR 489 for DragonSheet. Main driver: labour. Savings opportunity: INR 0.
SM-1064,PrecisionPanel,1820.06,2523.2106519052672,3284.827798075526,labour,-27.867298807347723,0.0,ERP price is not above the ML fair price; labour remains the largest cost driver.,"Maintain PrecisionPanel pricing, request cost transparency on labour, and protect the current rate.","BATNA: re-quote the cluster or alternate qualified supplier at about INR 2,649 per part before accepting any price above INR 2,523.","Fair price INR 2,523 vs ERP INR 1,820 for PrecisionPanel. Main driver: labour. Savings opportunity: INR 0."
SM-1065,AsiaForm,732.78,763.1961258295854,832.8558894102432,bends and holes,-3.985361665263101,0.0,ERP price is not above the ML fair price; bends and holes remains the largest cost driver.,"Maintain AsiaForm pricing, request cost transparency on bends and holes, and protect the current rate.",BATNA: re-quote the cluster or alternate qualified supplier at about INR 801 per part before accepting any price above INR 763.,Fair price INR 763 vs ERP INR 733 for AsiaForm. Main driver: bends and holes. Savings opportunity: INR 0.
SM-1066,FabriMax,867.12,856.3795667328723,954.5346926463362,material,1.2541673907637698,59974.57936364131,ERP price is high mainly because material contributes INR 390 and the purchase price is 1.3% above the ML fair price.,Ask FabriMax to bridge the gap from INR 867 toward INR 856 using the material cost evidence; target at least INR 6 per part in the first round.,BATNA: re-quote the cluster or alternate qualified supplier at about INR 899 per part before accepting any price above INR 856.,"Fair price INR 856 vs ERP INR 867 for FabriMax. Main driver: material. Savings opportunity: INR 59,975."
SM-1067,SteelWorks,876.37,834.9834670895289,943.7648016637552,material,4.9565691467797155,661522.3420409708,ERP price is high mainly because material contributes INR 342 and the purchase price is 5.0% above the ML fair price.,Ask SteelWorks to bridge the gap from INR 876 toward INR 835 using the material cost evidence; target at least INR 25 per part in the first round.,BATNA: re-quote the cluster or alternate qualified supplier at about INR 877 per part before accepting any price above INR 835.,"Fair price INR 835 vs ERP INR 876 for SteelWorks. Main driver: material. Savings opportunity: INR 661,522."
SM-1068,FabriMax,1817.19,1807.9954165689787,1817.3047504806723,material,0.5085512577498581,16329.58017349388,ERP price is high mainly because material contributes INR 942 and the purchase price is 0.5% above the ML fair price.,"Ask FabriMax to bridge the gap from INR 1,817 toward INR 1,808 using the material cost evidence; target at least INR 6 per part in the first round.","BATNA: re-quote the cluster or alternate qualified supplier at about INR 1,898 per part before accepting any price above INR 1,808.","Fair price INR 1,808 vs ERP INR 1,817 for FabriMax. Main driver: material. Savings opportunity: INR 16,330."
SM-1069,SteelWorks,1009.29,1027.3740990598528,1214.799949669812,material,-1.7602253236091479,0.0,ERP price is not above the ML fair price; material remains the largest cost driver.,"Maintain SteelWorks pricing, request cost transparency on material, and protect the current rate.","BATNA: re-quote the cluster or alternate qualified supplier at about INR 1,079 per part before accepting any price above INR 1,027.","Fair price INR 1,027 vs ERP INR 1,009 for SteelWorks. Main driver: material. Savings opportunity: INR 0."
SM-1070,FabriMax,598.81,607.543317096524,636.8779645632,material,-1.4374805632396634,0.0,ERP price is not above the ML fair price; material remains the largest cost driver.,"Maintain FabriMax pricing, request cost transparency on material, and protect the current rate.",BATNA: re-quote the cluster or alternate qualified supplier at about INR 638 per part before accepting any price above INR 608.,Fair price INR 608 vs ERP INR 599 for FabriMax. Main driver: material. Savings opportunity: INR 0.
SM-1071,AsiaForm,1249.47,1271.48823012476,1516.2635950822798,material,-1.7316896533599535,0.0,ERP price is not above the ML fair price; material remains the largest cost driver.,"Maintain AsiaForm pricing, request cost transparency on material, and protect the current rate.","BATNA: re-quote the cluster or alternate qualified supplier at about INR 1,335 per part before accepting any price above INR 1,271.","Fair price INR 1,271 vs ERP INR 1,249 for AsiaForm. Main driver: material. Savings opportunity: INR 0."
SM-1072,PlatePro,1175.81,1058.3828727520972,1082.4056873558425,material,11.094957247612927,983099.9093194415,ERP price is high mainly because material contributes INR 448 and the purchase price is 11.1% above the ML fair price.,"Ask PlatePro to bridge the gap from INR 1,176 toward INR 1,058 using the material cost evidence; target at least INR 70 per part in the first round.","BATNA: re-quote the cluster or alternate qualified supplier at about INR 1,111 per part before accepting any price above INR 1,058.","Fair price INR 1,058 vs ERP INR 1,176 for PlatePro. Main driver: material. Savings opportunity: INR 983,100."
SM-1073,PrecisionPanel,1672.76,2161.4102096915553,2385.6383700773117,labour,-22.607934740961934,0.0,ERP price is not above the ML fair price; labour remains the largest cost driver.,"Maintain PrecisionPanel pricing, request cost transparency on labour, and protect the current rate.","BATNA: re-quote the cluster or alternate qualified supplier at about INR 2,269 per part before accepting any price above INR 2,161.","Fair price INR 2,161 vs ERP INR 1,673 for PrecisionPanel. Main driver: labour. Savings opportunity: INR 0."
SM-1074,AsiaForm,1017.09,1024.4115414670925,1085.6837116264323,material,-0.7147070460185466,0.0,ERP price is not above the ML fair price; material remains the largest cost driver.,"Maintain AsiaForm pricing, request cost transparency on material, and protect the current rate.","BATNA: re-quote the cluster or alternate qualified supplier at about INR 1,076 per part before accepting any price above INR 1,024.","Fair price INR 1,024 vs ERP INR 1,017 for AsiaForm. Main driver: material. Savings opportunity: INR 0."
SM-1075,AsiaForm,313.65,295.02910624736,364.684953283416,material,6.3115446436758464,335064.36218500364,ERP price is high mainly because material contributes INR 135 and the purchase price is 6.3% above the ML fair price.,Ask AsiaForm to bridge the gap from INR 314 toward INR 295 using the material cost evidence; target at least INR 11 per part in the first round.,BATNA: re-quote the cluster or alternate qualified supplier at about INR 310 per part before accepting any price above INR 295.,"Fair price INR 295 vs ERP INR 314 for AsiaForm. Main driver: material. Savings opportunity: INR 335,064."
SM-1076,FabriMax,1222.62,1290.3237525037778,1552.0121811691197,material,-5.247036053734868,0.0,ERP price is not above the ML fair price; material remains the largest cost driver.,"Maintain FabriMax pricing, request cost transparency on material, and protect the current rate.","BATNA: re-quote the cluster or alternate qualified supplier at about INR 1,355 per part before accepting any price above INR 1,290.","Fair price INR 1,290 vs ERP INR 1,223 for FabriMax. Main driver: material. Savings opportunity: INR 0."
SM-1077,AsiaForm,1669.23,1678.7466473343763,1812.8370643592964,material,-0.5668900277172547,0.0,ERP price is not above the ML fair price; material remains the largest cost driver.,"Maintain AsiaForm pricing, request cost transparency on material, and protect the current rate.","BATNA: re-quote the cluster or alternate qualified supplier at about INR 1,763 per part before accepting any price above INR 1,679.","Fair price INR 1,679 vs ERP INR 1,669 for AsiaForm. Main driver: material. Savings opportunity: INR 0."
SM-1078,SteelWorks,1095.55,1130.7305708999954,1260.5647596062397,material,-3.1113133230309495,0.0,ERP price is not above the ML fair price; material remains the largest cost driver.,"Maintain SteelWorks pricing, request cost transparency on material, and protect the current rate.","BATNA: re-quote the cluster or alternate qualified supplier at about INR 1,187 per part before accepting any price above INR 1,131.","Fair price INR 1,131 vs ERP INR 1,096 for SteelWorks. Main driver: material. Savings opportunity: INR 0."
SM-1079,SteelWorks,626.42,567.2766621364923,656.8929986865841,material,10.425836599863015,334928.7223210439,ERP price is high mainly because material contributes INR 162 and the purchase price is 10.4% above the ML fair price.,Ask SteelWorks to bridge the gap from INR 626 toward INR 567 using the material cost evidence; target at least INR 35 per part in the first round.,BATNA: re-quote the cluster or alternate qualified supplier at about INR 596 per part before accepting any price above INR 567.,"Fair price INR 567 vs ERP INR 626 for SteelWorks. Main driver: material. Savings opportunity: INR 334,929."
SM-1080,BendCraft,659.05,680.8365171440017,776.4747303164501,material,-3.199963074159516,0.0,ERP price is not above the ML fair price; material remains the largest cost driver.,"Maintain BendCraft pricing, request cost transparency on material, and protect the current rate.",BATNA: re-quote the cluster or alternate qualified supplier at about INR 715 per part before accepting any price above INR 681.,Fair price INR 681 vs ERP INR 659 for BendCraft. Main driver: material. Savings opportunity: INR 0.
SM-1081,BendCraft,692.9,607.5479626709626,612.5087410487466,material,14.048608928553433,732405.8323204693,ERP price is high mainly because material contributes INR 195 and the purchase price is 14.0% above the ML fair price.,Ask BendCraft to bridge the gap from INR 693 toward INR 608 using the material cost evidence; target at least INR 51 per part in the first round.,BATNA: re-quote the cluster or alternate qualified supplier at about INR 638 per part before accepting any price above INR 608.,"Fair price INR 608 vs ERP INR 693 for BendCraft. Main driver: material. Savings opportunity: INR 732,406."
SM-1082,AsiaForm,535.32,531.1753190363228,588.4699713566401,bends and holes,0.7802849295025044,40141.2351332144,ERP price is high mainly because bends and holes contributes INR 183 and the purchase price is 0.8% above the ML fair price.,Ask AsiaForm to bridge the gap from INR 535 toward INR 531 using the bends and holes cost evidence; target at least INR 2 per part in the first round.,BATNA: re-quote the cluster or alternate qualified supplier at about INR 558 per part before accepting any price above INR 531.,"Fair price INR 531 vs ERP INR 535 for AsiaForm. Main driver: bends and holes. Savings opportunity: INR 40,141."
SM-1083,PlatePro,349.16,349.8196786722428,365.1137165448,material,-0.1885767761112251,0.0,ERP price is not above the ML fair price; material remains the largest cost driver.,"Maintain PlatePro pricing, request cost transparency on material, and protect the current rate.",BATNA: re-quote the cluster or alternate qualified supplier at about INR 367 per part before accepting any price above INR 350.,Fair price INR 350 vs ERP INR 349 for PlatePro. Main driver: material. Savings opportunity: INR 0.
SM-1084,PlatePro,1226.58,1344.9513067899186,1373.0466524741998,material,-8.80115928304074,0.0,ERP price is not above the ML fair price; material remains the largest cost driver.,"Maintain PlatePro pricing, request cost transparency on material, and protect the current rate.","BATNA: re-quote the cluster or alternate qualified supplier at about INR 1,412 per part before accepting any price above INR 1,345.","Fair price INR 1,345 vs ERP INR 1,227 for PlatePro. Main driver: material. Savings opportunity: INR 0."
SM-1085,FabriMax,709.22,742.2662207584071,776.6933885475598,material,-4.452071215721267,0.0,ERP price is not above the ML fair price; material remains the largest cost driver.,"Maintain FabriMax pricing, request cost transparency on material, and protect the current rate.",BATNA: re-quote the cluster or alternate qualified supplier at about INR 779 per part before accepting any price above INR 742.,Fair price INR 742 vs ERP INR 709 for FabriMax. Main driver: material. Savings opportunity: INR 0.
SM-1086,PlatePro,664.99,731.6522228421587,839.2998521507747,bends and holes,-9.111189819557199,0.0,ERP price is not above the ML fair price; bends and holes remains the largest cost driver.,"Maintain PlatePro pricing, request cost transparency on bends and holes, and protect the current rate.",BATNA: re-quote the cluster or alternate qualified supplier at about INR 768 per part before accepting any price above INR 732.,Fair price INR 732 vs ERP INR 665 for PlatePro. Main driver: bends and holes. Savings opportunity: INR 0.
SM-1087,AsiaForm,519.76,491.2561874057663,541.9389390444,material,5.802229737758031,308981.32852149324,ERP price is high mainly because material contributes INR 172 and the purchase price is 5.8% above the ML fair price.,Ask AsiaForm to bridge the gap from INR 520 toward INR 491 using the material cost evidence; target at least INR 17 per part in the first round.,BATNA: re-quote the cluster or alternate qualified supplier at about INR 516 per part before accepting any price above INR 491.,"Fair price INR 491 vs ERP INR 520 for AsiaForm. Main driver: material. Savings opportunity: INR 308,981."
SM-1088,FabriMax,820.71,750.3142962854021,830.6105926816512,material,9.382162123673716,802581.4180501314,ERP price is high mainly because material contributes INR 407 and the purchase price is 9.4% above the ML fair price.,Ask FabriMax to bridge the gap from INR 821 toward INR 750 using the material cost evidence; target at least INR 42 per part in the first round.,BATNA: re-quote the cluster or alternate qualified supplier at about INR 788 per part before accepting any price above INR 750.,"Fair price INR 750 vs ERP INR 821 for FabriMax. Main driver: material. Savings opportunity: INR 802,581."
SM-1089,DragonSheet,995.21,1061.3179545282876,1083.4821672984,material,-6.228854816431504,0.0,ERP price is not above the ML fair price; material remains the largest cost driver.,"Maintain DragonSheet pricing, request cost transparency on material, and protect the current rate.","BATNA: re-quote the cluster or alternate qualified supplier at about INR 1,114 per part before accepting any price above INR 1,061.","Fair price INR 1,061 vs ERP INR 995 for DragonSheet. Main driver: material. Savings opportunity: INR 0."
SM-1090,AsiaForm,979.57,915.7922719806696,855.7015392215999,material,6.964213388849894,597150.8674449908,ERP price is high mainly because material contributes INR 233 and the purchase price is 7.0% above the ML fair price.,Ask AsiaForm to bridge the gap from INR 980 toward INR 916 using the material cost evidence; target at least INR 38 per part in the first round.,BATNA: re-quote the cluster or alternate qualified supplier at about INR 924 per part before accepting any price above INR 916.,"Fair price INR 916 vs ERP INR 980 for AsiaForm. Main driver: material. Savings opportunity: INR 597,151."
SM-1091,PlatePro,984.37,1048.9135430738652,1069.5840053579998,material,-6.1533711238696425,0.0,ERP price is not above the ML fair price; material remains the largest cost driver.,"Maintain PlatePro pricing, request cost transparency on material, and protect the current rate.","BATNA: re-quote the cluster or alternate qualified supplier at about INR 1,101 per part before accepting any price above INR 1,049.","Fair price INR 1,049 vs ERP INR 984 for PlatePro. Main driver: material. Savings opportunity: INR 0."
SM-1092,PlatePro,1333.29,1302.7266408424612,1660.6133776044633,material,2.3461068653492614,175983.8220291084,ERP price is high mainly because material contributes INR 930 and the purchase price is 2.3% above the ML fair price.,"Ask PlatePro to bridge the gap from INR 1,333 toward INR 1,303 using the material cost evidence; target at least INR 18 per part in the first round.","BATNA: re-quote the cluster or alternate qualified supplier at about INR 1,368 per part before accepting any price above INR 1,303.","Fair price INR 1,303 vs ERP INR 1,333 for PlatePro. Main driver: material. Savings opportunity: INR 175,984."
SM-1093,SteelWorks,795.43,787.8695111908692,959.2080194880333,material,0.9596118014140524,32003.54912905063,ERP price is high mainly because material contributes INR 368 and the purchase price is 1.0% above the ML fair price.,Ask SteelWorks to bridge the gap from INR 795 toward INR 788 using the material cost evidence; target at least INR 5 per part in the first round.,BATNA: re-quote the cluster or alternate qualified supplier at about INR 827 per part before accepting any price above INR 788.,"Fair price INR 788 vs ERP INR 795 for SteelWorks. Main driver: material. Savings opportunity: INR 32,004."
SM-1094,BendCraft,1703.63,1868.2741937276858,2039.7794629948562,material,-8.812635440795674,0.0,ERP price is not above the ML fair price; material remains the largest cost driver.,"Maintain BendCraft pricing, request cost transparency on material, and protect the current rate.","BATNA: re-quote the cluster or alternate qualified supplier at about INR 1,962 per part before accepting any price above INR 1,868.","Fair price INR 1,868 vs ERP INR 1,704 for BendCraft. Main driver: material. Savings opportunity: INR 0."
SM-1095,FabriMax,338.9,328.3377219826669,400.15270752839996,bends and holes,3.2168944687661174,143763.16609392062,ERP price is high mainly because bends and holes contributes INR 139 and the purchase price is 3.2% above the ML fair price.,Ask FabriMax to bridge the gap from INR 339 toward INR 328 using the bends and holes cost evidence; target at least INR 6 per part in the first round.,BATNA: re-quote the cluster or alternate qualified supplier at about INR 345 per part before accepting any price above INR 328.,"Fair price INR 328 vs ERP INR 339 for FabriMax. Main driver: bends and holes. Savings opportunity: INR 143,763."
SM-1096,DragonSheet,593.05,625.8287720311786,799.87398541344,bends and holes,-5.237658205581125,0.0,ERP price is not above the ML fair price; bends and holes remains the largest cost driver.,"Maintain DragonSheet pricing, request cost transparency on bends and holes, and protect the current rate.",BATNA: re-quote the cluster or alternate qualified supplier at about INR 657 per part before accepting any price above INR 626.,Fair price INR 626 vs ERP INR 593 for DragonSheet. Main driver: bends and holes. Savings opportunity: INR 0.
SM-1097,DragonSheet,2576.48,2386.97203912128,3078.5651514023994,material,7.939261867034015,1489532.5725067395,"ERP price is high mainly because material contributes INR 2,117 and the purchase price is 7.9% above the ML fair price.","Ask DragonSheet to bridge the gap from INR 2,576 toward INR 2,387 using the material cost evidence; target at least INR 114 per part in the first round.","BATNA: re-quote the cluster or alternate qualified supplier at about INR 2,506 per part before accepting any price above INR 2,387.","Fair price INR 2,387 vs ERP INR 2,576 for DragonSheet. Main driver: material. Savings opportunity: INR 1,489,533."
SM-1098,AsiaForm,668.55,643.021489922483,731.4277109721406,bends and holes,3.9700866110391404,101297.12798758705,ERP price is high mainly because bends and holes contributes INR 216 and the purchase price is 4.0% above the ML fair price.,Ask AsiaForm to bridge the gap from INR 669 toward INR 643 using the bends and holes cost evidence; target at least INR 15 per part in the first round.,BATNA: re-quote the cluster or alternate qualified supplier at about INR 675 per part before accepting any price above INR 643.,"Fair price INR 643 vs ERP INR 669 for AsiaForm. Main driver: bends and holes. Savings opportunity: INR 101,297."
SM-1099,FabriMax,654.96,641.4822059015096,624.699177190848,bends and holes,2.101039432504504,150816.51596210813,ERP price is high mainly because bends and holes contributes INR 202 and the purchase price is 2.1% above the ML fair price.,Ask FabriMax to bridge the gap from INR 655 toward INR 641 using the bends and holes cost evidence; target at least INR 8 per part in the first round.,BATNA: re-quote the cluster or alternate qualified supplier at about INR 674 per part before accepting any price above INR 641.,"Fair price INR 641 vs ERP INR 655 for FabriMax. Main driver: bends and holes. Savings opportunity: INR 150,817."
SM-1100,PlatePro,593.7,604.0879935709728,738.088201460916,bends and holes,-1.7196159634899768,0.0,ERP price is not above the ML fair price; bends and holes remains the largest cost driver.,"Maintain PlatePro pricing, request cost transparency on bends and holes, and protect the current rate.",BATNA: re-quote the cluster or alternate qualified supplier at about INR 634 per part before accepting any price above INR 604.,Fair price INR 604 vs ERP INR 594 for PlatePro. Main driver: bends and holes. Savings opportunity: INR 0.
SM-1101,FabriMax,553.34,540.4290132719381,566.7392743056,material,2.389025461437486,87381.55817552342,ERP price is high mainly because material contributes INR 206 and the purchase price is 2.4% above the ML fair price.,Ask FabriMax to bridge the gap from INR 553 toward INR 540 using the material cost evidence; target at least INR 8 per part in the first round.,BATNA: re-quote the cluster or alternate qualified supplier at about INR 567 per part before accepting any price above INR 540.,"Fair price INR 540 vs ERP INR 553 for FabriMax. Main driver: material. Savings opportunity: INR 87,382."
SM-1102,PrecisionPanel,1519.74,2121.9338432834065,2509.59790099008,labour,-28.379482479604206,0.0,ERP price is not above the ML fair price; labour remains the largest cost driver.,"Maintain PrecisionPanel pricing, request cost transparency on labour, and protect the current rate.","BATNA: re-quote the cluster or alternate qualified supplier at about INR 2,228 per part before accepting any price above INR 2,122.","Fair price INR 2,122 vs ERP INR 1,520 for PrecisionPanel. Main driver: labour. Savings opportunity: INR 0."
SM-1103,PrecisionPanel,1551.95,2275.8584497019397,2696.5184542323846,labour,-31.808149131451785,0.0,ERP price is not above the ML fair price; labour remains the largest cost driver.,"Maintain PrecisionPanel pricing, request cost transparency on labour, and protect the current rate.","BATNA: re-quote the cluster or alternate qualified supplier at about INR 2,390 per part before accepting any price above INR 2,276.","Fair price INR 2,276 vs ERP INR 1,552 for PrecisionPanel. Main driver: labour. Savings opportunity: INR 0."
SM-1104,PrecisionPanel,2321.72,3231.649381049055,4327.3775905488,labour,-28.15681015350975,0.0,ERP price is not above the ML fair price; labour remains the largest cost driver.,"Maintain PrecisionPanel pricing, request cost transparency on labour, and protect the current rate.","BATNA: re-quote the cluster or alternate qualified supplier at about INR 3,393 per part before accepting any price above INR 3,232.","Fair price INR 3,232 vs ERP INR 2,322 for PrecisionPanel. Main driver: labour. Savings opportunity: INR 0."
SM-1105,PrecisionPanel,2285.02,3022.977293646493,4062.4877390255997,labour,-24.411605578298122,0.0,ERP price is not above the ML fair price; labour remains the largest cost driver.,"Maintain PrecisionPanel pricing, request cost transparency on labour, and protect the current rate.","BATNA: re-quote the cluster or alternate qualified supplier at about INR 3,174 per part before accepting any price above INR 3,023.","Fair price INR 3,023 vs ERP INR 2,285 for PrecisionPanel. Main driver: labour. Savings opportunity: INR 0."
SM-1106,FabriMax,543.15,581.9508584268798,668.087543037376,material,-6.667377127300004,0.0,ERP price is not above the ML fair price; material remains the largest cost driver.,"Maintain FabriMax pricing, request cost transparency on material, and protect the current rate.",BATNA: re-quote the cluster or alternate qualified supplier at about INR 611 per part before accepting any price above INR 582.,Fair price INR 582 vs ERP INR 543 for FabriMax. Main driver: material. Savings opportunity: INR 0.
SM-1107,AsiaForm,866.89,888.3628660600372,994.5287619546399,material,-2.4171278292249108,0.0,ERP price is not above the ML fair price; material remains the largest cost driver.,"Maintain AsiaForm pricing, request cost transparency on material, and protect the current rate.",BATNA: re-quote the cluster or alternate qualified supplier at about INR 933 per part before accepting any price above INR 888.,Fair price INR 888 vs ERP INR 867 for AsiaForm. Main driver: material. Savings opportunity: INR 0.
SM-1108,DragonSheet,1403.56,1241.7502894304519,1197.3378922415995,material,13.030776956272314,2433132.6178342947,ERP price is high mainly because material contributes INR 342 and the purchase price is 13.0% above the ML fair price.,"Ask DragonSheet to bridge the gap from INR 1,404 toward INR 1,242 using the material cost evidence; target at least INR 97 per part in the first round.","BATNA: re-quote the cluster or alternate qualified supplier at about INR 1,293 per part before accepting any price above INR 1,242.","Fair price INR 1,242 vs ERP INR 1,404 for DragonSheet. Main driver: material. Savings opportunity: INR 2,433,133."
SM-1109,AsiaForm,1177.19,1204.7415235049486,1375.7028223139798,material,-2.286924038676203,0.0,ERP price is not above the ML fair price; material remains the largest cost driver.,"Maintain AsiaForm pricing, request cost transparency on material, and protect the current rate.","BATNA: re-quote the cluster or alternate qualified supplier at about INR 1,265 per part before accepting any price above INR 1,205.","Fair price INR 1,205 vs ERP INR 1,177 for AsiaForm. Main driver: material. Savings opportunity: INR 0."
SM-1110,AsiaForm,452.16,503.7333207470574,489.208267620688,bends and holes,-10.238219038314163,0.0,ERP price is not above the ML fair price; bends and holes remains the largest cost driver.,"Maintain AsiaForm pricing, request cost transparency on bends and holes, and protect the current rate.",BATNA: re-quote the cluster or alternate qualified supplier at about INR 528 per part before accepting any price above INR 504.,Fair price INR 504 vs ERP INR 452 for AsiaForm. Main driver: bends and holes. Savings opportunity: INR 0.
SM-1111,SteelWorks,945.65,918.0880978911217,1003.3951366046863,material,3.0020977477203816,140786.19597215013,ERP price is high mainly because material contributes INR 478 and the purchase price is 3.0% above the ML fair price.,Ask SteelWorks to bridge the gap from INR 946 toward INR 918 using the material cost evidence; target at least INR 17 per part in the first round.,BATNA: re-quote the cluster or alternate qualified supplier at about INR 964 per part before accepting any price above INR 918.,"Fair price INR 918 vs ERP INR 946 for SteelWorks. Main driver: material. Savings opportunity: INR 140,786."
SM-1112,FabriMax,967.3,1036.5465480371893,1087.2733610448001,material,-6.68050539247996,0.0,ERP price is not above the ML fair price; material remains the largest cost driver.,"Maintain FabriMax pricing, request cost transparency on material, and protect the current rate.","BATNA: re-quote the cluster or alternate qualified supplier at about INR 1,088 per part before accepting any price above INR 1,037.","Fair price INR 1,037 vs ERP INR 967 for FabriMax. Main driver: material. Savings opportunity: INR 0."
SM-1113,SteelWorks,708.92,741.8277035886371,864.6317862966962,material,-4.43603055392028,0.0,ERP price is not above the ML fair price; material remains the largest cost driver.,"Maintain SteelWorks pricing, request cost transparency on material, and protect the current rate.",BATNA: re-quote the cluster or alternate qualified supplier at about INR 779 per part before accepting any price above INR 742.,Fair price INR 742 vs ERP INR 709 for SteelWorks. Main driver: material. Savings opportunity: INR 0.
SM-1114,PrecisionPanel,1216.84,1859.6494201796904,1836.652889496304,labour,-34.566161406787,0.0,ERP price is not above the ML fair price; labour remains the largest cost driver.,"Maintain PrecisionPanel pricing, request cost transparency on labour, and protect the current rate.","BATNA: re-quote the cluster or alternate qualified supplier at about INR 1,953 per part before accepting any price above INR 1,860.","Fair price INR 1,860 vs ERP INR 1,217 for PrecisionPanel. Main driver: labour. Savings opportunity: INR 0."
SM-1115,PrecisionPanel,2810.02,3390.972151129657,4312.012841316,labour,-17.13231855755939,0.0,ERP price is not above the ML fair price; labour remains the largest cost driver.,"Maintain PrecisionPanel pricing, request cost transparency on labour, and protect the current rate.","BATNA: re-quote the cluster or alternate qualified supplier at about INR 3,561 per part before accepting any price above INR 3,391.","Fair price INR 3,391 vs ERP INR 2,810 for PrecisionPanel. Main driver: labour. Savings opportunity: INR 0."
SM-1116,PlatePro,904.29,898.92277113886,975.2287159375202,material,0.5970734120285079,35273.42807541212,ERP price is high mainly because material contributes INR 449 and the purchase price is 0.6% above the ML fair price.,Ask PlatePro to bridge the gap from INR 904 toward INR 899 using the material cost evidence; target at least INR 3 per part in the first round.,BATNA: re-quote the cluster or alternate qualified supplier at about INR 944 per part before accepting any price above INR 899.,"Fair price INR 899 vs ERP INR 904 for PlatePro. Main driver: material. Savings opportunity: INR 35,273."
SM-1117,SteelWorks,2137.52,2053.899483652291,1946.33293467492,material,4.071305193524513,744222.595494609,"ERP price is high mainly because material contributes INR 1,149 and the purchase price is 4.1% above the ML fair price.","Ask SteelWorks to bridge the gap from INR 2,138 toward INR 2,054 using the material cost evidence; target at least INR 50 per part in the first round.","BATNA: re-quote the cluster or alternate qualified supplier at about INR 2,102 per part before accepting any price above INR 2,054.","Fair price INR 2,054 vs ERP INR 2,138 for SteelWorks. Main driver: material. Savings opportunity: INR 744,223."
SM-1118,AsiaForm,591.76,611.6892277876996,624.3233031432,material,-3.258064206848589,0.0,ERP price is not above the ML fair price; material remains the largest cost driver.,"Maintain AsiaForm pricing, request cost transparency on material, and protect the current rate.",BATNA: re-quote the cluster or alternate qualified supplier at about INR 642 per part before accepting any price above INR 612.,Fair price INR 612 vs ERP INR 592 for AsiaForm. Main driver: material. Savings opportunity: INR 0.
SM-1119,PlatePro,1613.14,1592.3508034241331,1695.200275213272,material,1.3055663696192228,212590.32418481575,ERP price is high mainly because material contributes INR 827 and the purchase price is 1.3% above the ML fair price.,"Ask PlatePro to bridge the gap from INR 1,613 toward INR 1,592 using the material cost evidence; target at least INR 12 per part in the first round.","BATNA: re-quote the cluster or alternate qualified supplier at about INR 1,672 per part before accepting any price above INR 1,592.","Fair price INR 1,592 vs ERP INR 1,613 for PlatePro. Main driver: material. Savings opportunity: INR 212,590."
SM-1120,SteelWorks,741.78,720.8352210944246,883.210111230931,bends and holes,2.9056264583985643,311071.8563056057,ERP price is high mainly because bends and holes contributes INR 267 and the purchase price is 2.9% above the ML fair price.,Ask SteelWorks to bridge the gap from INR 742 toward INR 721 using the bends and holes cost evidence; target at least INR 13 per part in the first round.,BATNA: re-quote the cluster or alternate qualified supplier at about INR 757 per part before accepting any price above INR 721.,"Fair price INR 721 vs ERP INR 742 for SteelWorks. Main driver: bends and holes. Savings opportunity: INR 311,072."
